,name,color,mat,sty,occa,patt,info,price,path
0,茄士咩混羊毛Prada標誌圓領毛衣,灰色,羊絨,"Designer, contemporary, branded, knitwear.",Casual or smart-casual events.,"Logo, lettering, emblem.",Prada標誌幻化成嵌花，點綴羊毛混茄士咩圓領毛衣。流麗經典的款式採用男裝剪裁，綴有羅紋針織飾邊。,"NT$ 72,000",image/prada/woman/1.jpg
1,羽毛飾邊綴飾圓領長袖綿 T 恤,黑色,棉,"Edgy, contemporary, statement-making","Casual, Party","Solid, feathered-trim.",這款棉質抓毛絨長袖綿 T 恤糅合運動風格與華麗細節，大玩 Prada 系列的雙元性特色。圓領配以可拆除的羽毛飾邊，並以特殊的染色工藝為面料添加立體感和復古效果。此精緻的混合款式打破既定的穿著場合，飾有經典三角標誌和同色系裁縫標籤。,"NT$ 70,000",image/prada/woman/2.jpg
2,棉質抓毛慢跑褲,黑色,棉,"Chic, contemporary, embellished, unconventional.","Casual, party, fashion-forward.","Solid, feather-trim.",這款棉質抓毛絨慢跑褲糅合運動風格與別開生面的華麗細節，大玩 Prada 系列的雙元性特色。時尚百搭設計，休閒闊腿版型，飾有可拆除的蓬鬆羽毛飾邊。此混合款式打破既定的穿著場合，飾有經典布質三角標誌，背面飾有裁縫標籤。,"NT$ 75,000",image/prada/woman/3.jpg
3,羽毛飾邊綴飾圓領長袖綿 T 恤,透白色,棉,"Contemporary, playful, textured.","Casual, fashion-forward event or party.","Solid-color, feathered-cuffs",這款棉質抓毛絨長袖綿 T 恤糅合運動風格與華麗細節，大玩 Prada 系列的雙元性特色。圓領配以可拆除的羽毛飾邊，並以特殊的染色工藝為面料添加立體感和復古效果。此精緻的混合款式打破既定的穿著場合，飾有經典三角標誌和同色系裁縫標籤。,"NT$ 70,000",image/prada/woman/4.jpg
4,棉質刷毛半截裙,透白色,棉,"Elegant, contemporary, playful, textured.","Formal event, cocktail party, evening wear","Solid, feather-trim.",這款棉質抓毛絨半截裙糅合迷人細節與百搭的運動風格，大玩 Prada 系列的雙元性特色。高雅的鉛筆裙剪裁配以背面開衩，並飾有可拆除的蓬鬆羽毛飾邊。此時尚的混合款式更飾有經典布質三角標誌及裁縫標籤。,"NT$ 66,000",image/prada/woman/5.jpg
5,羊毛和緞質單排釦外套,黑色,羊毛,"Elegant, classic, tailored, monochrome, sophisticated.","Formal, business, or smart-casual events.","Solid, black",這款羊毛外套造型散發復古魅力，以意想不到的細節和時尚質感重新演繹。此款精緻作品採用方形線條設計，口袋綴以亮麗寶石鈕釦，配以對比色緞面衣領，氣質優雅迷人。,"NT$ 105,000",image/prada/woman/6.jpg
6,緞面羊毛連身迷你裙,黑色,羊毛,"Classic, elegant, tailored, monochromatic.",Formal event or business.,Solid,明確線條和色彩對比為此款羊毛迷你裙賦予精緻優雅的風格。此款結構分明的造型，以對比色的精緻絲質領飾點綴，搭配兩顆寶石鈕釦，為寬敞的明袋增添閃耀風采。,"NT$ 110,000",image/prada/woman/7.jpg
7,彈性緞質上衣,白色,尼龍,"Minimalist, modern, sleek.","Casual, sportswear.",Solid-color,這款修身彈力緞質上衣具有運動風格的美感。此企領經典款式飾有搪瓷金屬三角標誌，增添時尚魅力。,"NT$ 75,000",image/prada/woman/8.jpg
8,羊毛緞迷你裙,黑色,羊毛,"Elegant, classic, tailored.","Formal, business, or smart-casual occasions.","Solid, plain",這款羊毛緞迷你裙採用俐落的幾何線條，糅合精緻剪裁與時尚魅力。微喇叭裙款式採用典雅的正面鈕釦設計，大明袋綴以珠寶鈕釦。,"NT$ 57,000",image/prada/woman/9.jpg
9,羊毛 Sateen 長褲,黑色,羊毛,"Elegant, tailored, sophisticated.","Business, formal events, office wear.",Solid-color,羊毛 Sateen 長褲糅合量身訂制剪裁和精緻細節，呈現柔美、成熟設計風格。直身剪裁正面口袋綴以寶石鈕釦，為服裝增添一絲獨特的優雅氣息。,"NT$ 66,000",image/prada/woman/10.jpg
10,透明絲織物針織連身衣,黑色,尼龍,"Minimalist, modern, sleek.","Layering, casual, performance","Solid, monochrome.",這款長袖連身衣採用修身剪裁，以半透明的透薄針織面料製作。此服裝採用背面拉鏈設計，設有典雅企領，並綴飾搪瓷金屬三角標誌。,"NT$ 35,000",image/prada/woman/11.jpg
11,羊毛外套,黑色,綿羊皮,"Elegant, classic, luxurious, tailored, sophisticated.","Formal, evening, cold weather.",Solid color.,此羊毛外套採用量身訂制設計，並以羊毛的柔軟質感突顯其造型特色，重新演繹其雋永優雅的造型。以方正線條勾劃輪廓，展現意想不到的現代設計特色，並透過其柔軟質感提升至更高層次。選用恤衫領設計，透過珠寶鈕扣散發耀眼光芒，並以皮革標誌標籤加以潤飾。,"NT$ 240,000",image/prada/woman/12.jpg
12,單襟閃石網布外套,鐵灰色,尼龍,"Classic, elegant, tailored.","Business, formal, or smart-casual events.","Houndstooth, monochrome, geometric.",切面水晶為這款略短的外套注入光芒。奪目的設計以奢華的珠寶鈕扣點綴，既可為散發典雅魅力的造型錦上添花，亦可與簡約裝束配襯出獨特的質感對比，反映Prada系列固有的二元特質。,"NT$ 350,000",image/prada/woman/13.jpg
13,黏膠纖維樽領衫飾以水晶,黑色,人造絲,"Elegant, classic, sophisticated.",Formal event.,"Solid, black",呈經典三角形的璀璨水晶宛如珍貴項鏈，點綴黏膠纖維樽領衫。剪裁修身的毛衣優雅簡約，體現品牌精髓︰結合各種美學元素，締造別出心裁的設計。,"NT$ 62,000",image/prada/woman/14.jpg
14,府綢恤衫,白色,棉,"Classic, formal, simplistic.","Business, formal events, office wear.","Solid, plain.",這款男裝剪裁上衣將洋溢傳統魅力的府綢重塑，賦予設計嶄新意義，體現Prada的混搭及概念精髓。恤衫風格時尚優雅，袖口的密鑲閃石袖扣璀璨耀目。,"NT$ 62,000",image/prada/woman/15.jpg
15,府綢恤衫,白色,棉,"Contemporary, minimalist, tailored.","Business, formal events, office work",Solid-color,這款短身剪裁上衣將洋溢傳統魅力的府綢重塑，賦予設計嶄新意義，體現Prada的混搭及概念精髓。恤衫風格時尚優雅，袖口的密鑲閃石袖扣璀璨耀目。,"NT$ 57,000",image/prada/woman/16.jpg
16,馬海小山羊毛及綢緞迷你裙,黑色,羊毛,"Modern, minimalist, chic.","Formal, Business, Office","Solid, black, monochromatic",優雅的質感對比成為這款馬海小山羊毛及綢緞迷你裙的特色。設計散發奪目而柔美的魅力，經典的三角形標誌化身為立體布章。,"NT$ 52,000",image/prada/woman/17.jpg
17,單襟千鳥格紋外套,菸草色,羊毛,"Classic, houndstooth-patterned, tailored.","Business, formal events, office.",Houndstooth.,千鳥格紋的經典風格與單襟外套的復古氣息完美結合。點綴背面的皮革標誌為造型增添品牌格調。,"NT$ 145,000",image/prada/woman/18.jpg
18,千鳥格紋短褲,菸草色,羊毛,"Classic, checked, tailored.","Casual, leisure, or beachwear.",Houndstooth,這款短褲以經典的千鳥格紋融會大膽風格。點綴背面的皮革標誌為造型畫龍點睛，於服飾增添品牌格調。,"NT$ 39,000",image/prada/woman/19.jpg
19,短袖威爾斯格紋恤衫,寶藍色,棉,"Casual, plaid, short-sleeved, collared, button-up, summery.",Casual summer outings.,"Checkered, plaid",方正設計將傳統男裝的經典線條融入女裝剪裁。,"NT$ 42,000",image/prada/woman/20.jpg
20,絲絨牛仔布迷你裙,黑色,棉,"Casual, contemporary, minimalist.",Casualwear,"Solid, monochromatic.",混搭風設計將嫵媚剪裁結合街頭服飾常用的面料。原色絲絨牛仔布迷你裙經加工處理，營造褪色效果，為服飾注入復古魅力。,"NT$ 36,000",image/prada/woman/21.jpg
21,印花廣東縐紗迷你裙,可可棕,絲,"Classic, preppy, tailored.","Casual, office, or smart-casual occasions.","Checkered, houndstooth, plaid.",這款迷你裙以輕巧的廣東縐紗縫製，綴以雋永的千鳥格紋印花，剪裁流麗，展現時尚端莊的復古氣息。,"NT$ 73,000",image/prada/woman/22.jpg
22,納帕軟皮外套,黑色,皮革,"Classic, sleek, modern, textured, stylish.",Casual,Pebbled texture,外套採用標準剪裁，將流麗線條結合納帕皮革的休閒氣息。標誌標誌標籤為服飾增添品牌格調。,"NT$ 175,000",image/prada/woman/23.jpg
23,納帕軟皮半截裙,黑色,皮革,"Chic, modern, minimalist","Casual, evening, or party.","Solid, textured.",半截裙採用標準剪裁，將流麗線條結合納帕皮革的休閒氣息。三角形標誌飾章為服飾增添品牌格調。,"NT$ 62,000",image/prada/woman/24.jpg
24,絲絨五口袋牛仔褲,黑色,棉,"Classic, casual, velvet-textured, black.","Casual, smart-casual events.","Solid, unpatterned",這款絲絨牛仔褲設計經典，獨特的原色潤飾呈現復古氣息。款式線條柔和，並以搪瓷金屬三角形標誌錦上添花，背面的飾章綴以經典的典藏標誌。,"NT$ 43,000",image/prada/woman/25.jpg
25,絲絨牛仔布束腰外套,黑色,棉,"Contemporary, sleek, minimalist.",Casual outings or everyday wear.,"Solid, monochromatic",束腰外套線條簡潔，配搭觸感柔軟的絲絨牛仔布，締造復古造型。這款剪裁寬鬆的服飾採用恤衫款衣領，所綴上的優雅搪瓷金屬三角形標誌，把Mario Prada 1913年為其奢華行李箱設計的標誌重新演繹。,"NT$ 86,000",image/prada/woman/26.jpg
26,羊絨皮草外套,黑色,綿羊皮,"Elegant, classic, luxurious, modern.","Formal, winter.","Solid, uniform",羊絨皮企領外套感覺雅致柔軟。時尚設計設有闊嵌線袋，飾以標誌標籤飾章。,"NT$ 270,000",image/prada/woman/27.jpg
27,絲絨牛仔布束腰外套,黑色,棉,"Chic, sophisticated, minimalist, contemporary.","Casual, streetwear, everyday.",Solid-color,束腰外套線條簡潔，配搭觸感柔軟的絲絨牛仔布，締造復古造型。這款剪裁方正的服飾採用恤衫款衣領，所綴上的優雅搪瓷金屬三角形標誌，把Mario Prada 1913年為其奢華行李箱設計的標誌重新演繹。,"NT$ 75,000",image/prada/woman/28.jpg
28,Grain de poudre羊毛長褲,Grain De Poudre羊毛長褲 黑色,羊毛,"Tailored, formal, sophisticated.","Business, formal events, office work.","Solid, plain, no-pattern.",復古的設計元素與端莊時尚的風格共冶一爐。這款Grain de poudre羊毛長褲以優雅的男裝剪裁為特色。,"NT$ 51,000",image/prada/woman/29.jpg
29,絲絨牛仔短褲,黑色,棉,"Casual, contemporary, simplistic.","Casual, summer, leisure","Solid, monochromatic",這款絲絨牛仔短褲綴上復古風細節，造型則洋溢時尚魅力。搪瓷金屬三角形標誌為設計增添經典特色。,"NT$ 30,500",image/prada/woman/30.jpg
30,羊絨皮草大褸,黑色,綿羊皮,"Elegant, classic, luxurious, sophisticated.","Formal, winter events.","Solid, black, velvet.",經典女裝剪裁以精緻雋永的細節昇華。羊絨皮草大褸飾以標誌標籤飾章。,"NT$ 275,000",image/prada/woman/31.jpg
31,羅紋針織平織布連身裙,白色,棉,"Simple, casual, sleeveless, fitted.",Casual wear,"Solid, white",平織布連身裙的流麗設計散發時尚魅力，體現簡約中見奢華的品牌格調，儼然成為一種態度，追求重塑基本必需品並賦予嶄新意義。,"NT$ 37,500",image/prada/woman/32.jpg
32,單襟雙層羊毛短外套,駝色/白色,羊毛／絲綢,"Classic, tailored, elegant.","Business, formal, smart-casual events.",Solid,無領短外套選用雙層羊毛，設計百搭優雅，展現流麗簡約的線條。,"NT$ 170,000",image/prada/woman/33.jpg
33,羊駝毛圓領毛衣,白色,皮草,"Elegant, contemporary, textured, designer, minimalistic.","Casual, everyday wear.","Knitted, ribbed, logo-embossed",透過層次感和精緻的細節，這款羊駝毛圓領毛衣的剪裁透露高雅氣質，並搭配精緻的針織紋理。寬鬆剪裁配有羊毛正面鑲片，而印字標誌則更顯獨特。,"NT$ 82,000",image/prada/woman/34.jpg
34,羊絨圓領毛衣,石板灰,羊絨,"Minimalist, classic, understated.","Casual, Everyday Wear","Solid, heathered gray, no visible pattern.",這款經典的圓領毛衣以簡潔的設計重新詮釋，搭配精緻的細節和物料，散發當化時尚氣息。這款精緻安哥拉山羊毛短袖上衣採用貼身剪裁，搭配皮革標誌繡章，為造型增添經典風格。,"NT$ 68,000",image/prada/woman/35.jpg
35,平織布上衣,白色,棉,"Minimalist, casual, contemporary",Casual wear,"Solid, monochromatic.",實用服飾獲得嶄新的重要意義和價值。背心上衣呈現經典男裝線條，以嫵媚質感重塑。服飾體現Prada精髓，簡約中見奢華。正面飾以奪目的三角形標誌。,"NT$ 28,000",image/prada/woman/36.jpg
36,珠地呢混馬海毛開襟外套,黑色,羊毛,"Classic, textured, elegant","Casual, semi-formal events, everyday wear.","Bouclé, textured, solid-black",這款珠地呢混馬海毛開襟外套以寬鬆剪裁重新演繹高雅風格，散發時尚魅力。圓領設計配以七分袖，並綴飾閃亮的復古風格金色鈕釦。背面的布質三角標誌裝飾為此典雅而百搭的外套注入經典氣息。,"NT$ 70,000",image/prada/woman/37.jpg
37,茄士咩羊絨絲質開襟外套,黑色/白色,羊絨,"Classic, preppy.",Smart-casual events.,"Color-block, two-tone, trim.",此款茄士咩羊絨開襟外套採用柔軟羊絨和絲針織製成，選用修身剪裁，設計優雅且精緻。此短袖外套利用金色鈕扣散發璀璨光芒，並以對比色飾邊作定調，最後以具標誌性的針織三角標誌完成點綴。,"NT$ 105,000",image/prada/woman/38.jpg
38,珠地呢安哥拉山羊毛針織裙,黑色,羊毛,"Textured, classic, minimalist.","Casual, Everyday, Work","Solid, textured, monochromatic.",珠地呢半身裙的設計經典雅致，現以獨特風格重新演繹，散發時尚魅力。採用精緻安哥拉山羊毛製成，傘裙剪裁為衣物帶來柔和感，散發時尚魅力。背面同色系三角標誌為裙子添上一抹經典點綴。,"NT$ 51,000",image/prada/woman/39.jpg
39,洗水斜紋布連身迷你裙,黑色,羊毛,"Elegant, sophisticated, modern, minimalist.","Business, formal events, elegant social gatherings.",Solid-color,這款連身迷你裙散發 1960 年代的氛圍，以時尚的洗水效果柔軟斜紋布製作。簡約線條配以精準的剪裁，立體結構採用圓領設計。金色安全扣針為連身裙帶來意想不到且時尚的點綴。這款精緻而柔美的連身裙綴飾皮革標誌標籤，為不褪流行的設計注入經典氣息。,"NT$ 79,000",image/prada/woman/40.jpg
40,珠地呢混馬海毛開襟外套,白色,羊毛,"Classic, textured, elegant","Casual, outerwear.","Bouclé, texture, monochromatic",這款珠地呢混馬海毛開襟外套以寬鬆剪裁重新演繹高雅風格，散發時尚魅力。圓領設計配以七分袖，並綴飾閃亮的復古風格金色鈕釦。背面的布質三角標誌裝飾為此典雅而百搭的外套注入經典氣息。,"NT$ 70,000",image/prada/woman/41.jpg
41,珠地呢安哥拉山羊毛迷你裙,白色,羊毛,"Textured, chic, contemporary","Casual, autumnal, daytime.","Texture, buttons.",這條精緻的珠地呢混馬海毛迷你裙散發清新、時尚魅力。採用修身柔和設計，擁有簡潔的線條，並綴飾閃亮的復古風格鈕釦。背面的布質三角標誌裝飾為此典雅而百搭的外套注入經典氣息。,"NT$ 60,000",image/prada/woman/42.jpg
42,絲質羊絨圓領毛衣,白色/黑色,羊絨,"Whimsical, playful, quirky.",Casual,"Color-blocking, animal-face, contrasting-hemlines",此款優雅精緻的毛衣採用修身剪裁，利用上乘的羊絨和絲製成，並以精緻的細節作為主打特色。其短袖造型以羅紋針織圓領和袖口飾邊作定調，最後以經典獨特的針織三角標誌完成綴飾。,"NT$ 97,000",image/prada/woman/43.jpg
43,Natté 短褲,白色,羊毛,"Modern, minimalist, chic.","Summer, casual, outing.",Solid.,柔美的 Natté 短褲透露現代時尚女性韻味。別具當代魅力的設計，飾以皺褶翻蓋大口袋與金色調標誌鈕釦，更顯迷人。,"NT$ 53,000",image/prada/woman/44.jpg
44,Natté 連身迷你裙,白色,羊毛,"Minimalist, sophisticated, contemporary.","Business-casual, summer, daytime event.","Solid, textured",這款 natté 連身迷你裙採用俐落的筆直線條，綴飾典雅的細節，展現時尚風格。弧領剪裁配以金色鈕釦翻蓋明袋和皮革標誌拼布，以精緻元素增添高雅魅力。,"NT$ 83,000",image/prada/woman/45.jpg
45,羊毛開襟外套,藍色,羊毛,"Classic, elegant, textured, buttoned.","Casual, everyday wear.","Ribbed, cable-knit.",這款羅紋針織羊毛開襟外套流露時尚典雅的氣息，綴飾閃亮的金色鈕釦和精緻細節。圓領外形配以寬鬆剪裁，以及翻蓋明袋和皮革標誌拼布，為服裝添上時尚點綴。,"NT$ 100,000",image/prada/woman/46.jpg
46,羊毛迷你裙,藍色,羊毛,Minimalist,"Business, formal events, work environments.",Ribbed knit.,這條精緻羊毛迷你裙採用羅紋針織紋理，綴以典雅細節。柔和且線條簡潔的修身剪裁設計，搭配點綴復古金釦的大貼袋，為造型增色不少。皮革標誌拼布為精緻且時尚設計添上點綴。,"NT$ 60,000",image/prada/woman/47.jpg
47,Superfine wool sweater with intarsia logo,Superfine Wool Sweater With Intarsia Logo 白色/藍色,羊毛,"Contemporary, branded, patterned",Casualwear,"Striped, branded, horizontal, repetitive.","This short-sleeved sweater made of superfine wool has soft lines and a relaxed fit. The refined, light garment features the intarsia lettering logo in a contrasting color, repeated in a pattern with contemporary allure.","NT$ 51,000",image/prada/woman/48.jpg
48,雙排釦布質大衣,藍色,羊毛,"Classic, tailored, sophisticated.","Business, formal events, workwear.","Solid, navy-blue",這款大衣靈感源自水手服裝，透過對剪裁的細緻研究注入原創、現代魅力。這款外套以短身剪裁為特色，呈現嶄新的比例，直身和寬鬆剪裁展現獨特風格。簡潔而精緻的細節設計為服裝錦上添花，經典的翻領設計配上優雅的雙排扣和大鈕釦，展現高雅風格。,"NT$ 110,000",image/prada/woman/49.jpg
49,馬海小山羊毛長褲,黑色,羊毛,"Elegant, formal, classic, tailored.","Formal events, business settings, office wear.","Solid, plain",馬海小山羊毛長褲的裁縫魅力反映品牌的專業造詣，寬鬆男裝剪裁昇華女裝西裝的嶄新概念，傳統元素與標誌印花橡筋褲頭的時尚氣息碰撞出和諧對比 。,"NT$ 62,000",image/prada/woman/50.jpg
50,特大尺寸 Re-Nylon 羽絨背心,特大尺寸 Re-nylon 羽絨背心 黑色,尼龍,"Sleek, contemporary, insulated.","Cold-weather, casual, outdoor activities.","Solid, quilted",此背心以鵝絨填充，以方形剪裁為特色。這特大尺寸款式以 Re-Nylon 製作，此創新的再生尼龍紗線利用從海洋回收所得並經淨化的塑膠再造而成。靈活易搭的設計結合實用元素和時尚的飽滿設計，背面綴飾立體效果壓紋字母標誌。,"NT$ 110,000",image/prada/woman/51.jpg
51,平織布T恤,白色/黑色,棉,"Contemporary, designer, sporty, chic.",Casualwear,"Two-tone, color-blocking, logo-emblazoned.",這款街頭風雙色平織布T恤融入復古元素，洋溢時尚氣息。綴於正面的特大標誌為設計錦上添花。,"NT$ 23,500",image/prada/woman/52.jpg
52,棉質尼龍短褲,黑色,棉,"Minimalist, modern.","Casual, sportswear, athletic.",Solid,棉質尼龍短褲飾以精細的Punto Stoffa針織。腰部的對比色標誌搶眼奪目。,"NT$ 39,000",image/prada/woman/53.jpg
53,再生尼龍連身迷你裙,藍色/白色,尼龍,"Contemporary, branded, patterned.","Casual, everyday wear.","Horizontal, brand-name, repetitive, stripes.",歷史悠久的三角形標誌以時尚方式重塑，幻化成圖案點綴再生尼龍連身迷你裙，配以帽兜和彈性索繩。尼龍由Prada率先引入奢華服飾世界，是品牌的經典面料，反映其前衛精神。,"NT$ 95,000",image/prada/woman/54.jpg
54,尼龍束腰外套,藍色/白色,尼龍,"Contemporary, branded, patterned.",Casual,"Logo, diagonal, repetitive, text-based, monogram, branded",歷史悠久的三角形標誌以時尚方式重塑，幻化成圖案點綴寬鬆的尼龍束腰外套，配以帽兜和彈性索繩。尼龍由Prada率先引入奢華服飾世界，是品牌的經典面料，反映其前衛精神。,"NT$ 105,000",image/prada/woman/55.jpg
55,尼龍短褲,藍色/白色,尼龍,"Patterned, branded, casual.","Casual, loungewear, or sleepwear.","Logotype, repetition",歷史悠久的三角形標誌以時尚方式重塑，幻化成圖案點綴闊腳尼龍短褲。尼龍由Prada率先引入奢華服飾世界，是品牌的經典面料，反映其前衛精神。,"NT$ 40,500",image/prada/woman/56.jpg
56,短版 Re-Nylon 羽絨外套,短版 Re-nylon 羽絨外套 黑色/藍色,尼龍,"Trendy, urban, casual.",Casual outdoor wear.,Solid-colored,這款運動風格短版羽絨外套以鵝絨填充，散發休閒魅力。此蓬鬆圓潤的款式以 Re-Nylon 製作。這種創新再生尼龍紗線利用從海洋回收並經淨化的塑膠物料再造而成。嶄新比例配以環形衣領，並綴飾經典搪瓷金屬三角標誌，令外形更為凸出。,"NT$ 92,000",image/prada/woman/57.jpg
57,拉西米爾綢連身迷你裙,黑色,羊毛,"Elegant, classic, simple, sophisticated.","Formal events, business, cocktail parties.","Solid, plain",拉西米爾綢連身迷你裙優雅得體，背面飾以優雅的立體蝴蝶結。搪瓷金屬三角形標誌為奪目嫵媚的服飾畫龍點睛。,"NT$ 75,000",image/prada/woman/58.jpg
58,寬鬆棉質抓毛連帽衛衣,自然色,棉,Casual-luxury,Casual wear,"Logo, stripes.",經典Prada標誌飾以Savoy格調，化為點綴服飾正面的特大設計，為棉質抓毛連帽衛衣注入別具一格的特色。寬鬆衛衣綴以羅紋針織飾邊。,"NT$ 55,000",image/prada/woman/59.jpg
59,機能性面料防水連帽外套,煙灰色/黑色,尼龍,"Fashionable, contemporary, designer.","Casual, urban streetwear.","Solid, logo",這款運動風格機能性面料防水連帽外套設計實用，體現當代美學風格。特大尺寸設計配以包覆式剪裁，飾有拉鏈口袋和插扣腰帶，以束緊腰部。服裝綴飾對比色橡膠標誌。,"NT$ 125,000",image/prada/woman/60.jpg
60,Re-Nylon 羽絨外套,Re-nylon 羽絨外套 黑色,綿羊皮,"Elegant, modern, upscale.","Casual, Winterwear","Solid, quilted, logo",這款羽絨外套結合創新再生尼龍紗線 Re-Nylon 面料的實用性和別開生面的元素，散發時尚魅力。貼身剪裁配以皮帶和可拆除的羊毛衣袖。對比物料和細節令此百搭而精緻的款式更具特色，同時綴飾搪瓷金屬三角標誌。,"NT$ 165,000",image/prada/woman/61.jpg
61,再生尼龍連身迷你裙,黑色,尼龍,"Elegant, sophisticated, minimalistic.","Formal event, business, cocktail party.","Solid, plain.",Prada設計思維以混搭概念為本，讓各種素材、造型和功能薈萃成有趣獨特的配搭，幻化成創新設計。無袖連身迷你裙呈現充滿優雅細節的流麗造型，所選用的創新再生尼龍是以回收自海洋的塑膠廢料淨化及循環再造。連身裙正面的經典三角形萬用袋飾以搪瓷金屬三角形標誌。,"NT$ 64,000",image/prada/woman/62.jpg
62,再生尼龍短褲,黑色,尼龍,"Sporty, casual, minimalistic.","Athletics, Swimming, Casual Wear.","Solid, logo.",運動風短褲取材自運動服飾。服飾綴以Prada經典搪瓷金屬三角形標誌，所選用的再生尼龍紗線以回收自海洋的塑膠廢料淨化製造。,"NT$ 36,500",image/prada/woman/63.jpg
63,牛仔短褲,天藍色,棉,"Casual, contemporary, denim, faded, high-waisted.","Casual, summer, leisure","Denim, fading, whiskering, contrast-stitching.",時尚基本款牛仔短褲採用高腰，綴有對比色明線及為服飾塑造復古質感的褪色處理。後幅的搪瓷金屬三角形標誌搶眼奪目。,"NT$ 39,000",image/prada/woman/64.jpg
64,茄士咩混羊毛Prada標誌圓領毛衣,黑色,羊絨,"Classic, branded, designer, monochromatic, knitwear.","Casual, Designer, Everyday, Urban","Logo, text, emblem.",Prada標誌幻化成嵌花，點綴羊毛混茄士咩圓領毛衣。流麗經典的款式採用男裝剪裁，綴有羅紋針織飾邊。,"NT$ 72,000",image/prada/woman/65.jpg
65,茄士咩混羊毛Prada標誌圓領毛衣,藍色,羊絨,"Designer, luxurious, branded.","Casual, business-casual events.","Logo, text, crest.",Prada標誌幻化成嵌花，點綴羊毛混茄士咩圓領毛衣。流麗經典的款式採用男裝剪裁，綴有羅紋針織飾邊。,"NT$ 72,000",image/prada/woman/66.jpg
66,羊毛混茄士咩圓領毛衣,紅色,羊絨,"Vibrant, designer, branded, knitwear.",Casual,"Logo, text, crest",圓領茄士咩毛衣將流麗百搭的線條結合精湛工藝，展露簡約魅力。服飾採用男裝剪裁，飾以精緻的嵌花字樣標誌。,"NT$ 70,000",image/prada/woman/67.jpg
67,粗斜紋牛仔布背心,黑色,棉,"Classic, casual, monochromatic, utilitarian.",Casual outings,Solid-color,這款背心將經典百搭的造型，與經原色牛仔布處理過的粗斜紋牛仔布鮮明紋理融為一體。此款式風格休閒迷人，飾有經典的搪瓷金屬三角標誌，名牌印有典藏 Prada 標誌，為造型賦予復古魅力。,"NT$ 70,000",image/prada/man/1.jpg
68,絲質 Polo 衫,白色,絲,"Casual, classic, minimalist.",Casual,"Ribbing, vertical stripes, button placket",精緻的針織嵌花凸顯了這款絲質 Polo 衫的時尚經典線條。輕盈精緻的服裝採用現代特大尺寸設計，羅紋針織衣領和飾邊進一步增強了設計的精緻魅力。,"NT$ 70,000",image/prada/man/2.jpg
69,單襟羊毛外套,黑色,羊毛,"Formal, classic, tailored, sophisticated.","Formal events, business settings, interviews, weddings.",Solid,經典西裝經重塑，反映真實世界及世人。日常風格與日常生活均透過物料和造型變得非比尋常。羊毛外套以高雅細節昇華，流露時尚魅力。,"NT$ 130,000",image/prada/man/3.jpg
70,單襟羊毛大褸,黑色,羊毛,"Classic, tailored, formal, elegant.","Formal events, business, or sophisticated occasions.",Solid,對比鮮明的細節勾勒出精紡羊毛大褸的線條。傳統男裝西裝的經典單品經重塑，綴以高雅元素。,"NT$ 150,000",image/prada/man/4.jpg
71,單襟馬海羊毛外套,黑色,羊毛,"Formal, elegant.",Formal events.,"Solid, piping.",對比鮮明的細節勾勒出精紡馬海羊毛外套的線條。傳統男裝西裝的經典單品經重塑，綴以高雅元素。,"NT$ 150,000",image/prada/man/5.jpg
72,羊毛混馬海羊毛長褲,黑色,羊毛,"Formal, tailored, sophisticated.",Formal events or business settings.,"Solid, plain, monochromatic",珍貴的側面嵌飾令馬海羊毛及羊毛混紡長褲別具特色。充滿街頭服飾元素的系列重新詮釋正裝概念，打破傳統的西裝概念。,"NT$ 64,000",image/prada/man/6.jpg
73,羊絨束腰短身外套,黑色,羊絨,"Classic, minimalist.","Casual, Everyday, Sporty, Leisure","Solid, monochrome",傳統美學經重新演繹，注入時尚新意，體現Prada的二元本質 ︰將傳統奢華物料結合創新設計。寬鬆男裝束腰短身外套以奢華羊絨縫製，背面飾以經典布質三角形標誌。,"NT$ 215,000",image/prada/man/7.jpg
74,棉質絲絨束腰外套,黑色,棉,"Minimalist, sleek, modern, sophisticated.","Casual, smart-casual events.","Solid, monochromatic",服飾展現游走於正式與休閒、運動風元素與經典西裝之間的二元性。棉質絲絨束腰外套重新演繹經典Prada設計，綴以正面拉鍊等日常服飾元素。,"NT$ 88,000",image/prada/man/8.jpg
75,彈性棉質恤衫,黑色,棉,"Contemporary, sleek, minimalistic.","Casual, Smart-casual occasions.","Solid, monochrome",流麗設計採用極致時尚的概念，將西裝結合街頭服飾靈感。彈性棉質恤衫採用寬鬆剪裁，正面飾以奪目的三角形標誌。,"NT$ 60,000",image/prada/man/9.jpg
76,羊絨皮背心,黑色,綿羊皮,"Minimalist, contemporary, sleek.","Casual, outdoor, cold-weather.","Solid, black",羊絨皮背心展現高雅而富運動風的魅力。柔軟的材質與經典的細節共冶一爐，不斷糅合各種美學風格，彰顯品牌的混搭魅力。皮革三角形標誌點綴服飾的正面。,"NT$ 210,000",image/prada/man/10.jpg
77,再生尼龍恤衫,黑色,尼龍,"Classic, sleek, contemporary, minimalist.",Casual wear.,"Solid, monochrome.",恤衫造型時尚，創新的再生尼龍面料所用的紗線以回收海洋塑膠廢料製造。恤衫線條筆直，綴有鈕扣開合、經典衣領及飾以經典三角形標誌的襟袋等簡約細節。,"NT$ 66,000",image/prada/man/11.jpg
78,再生尼龍束腰外套,黑色,尼龍,"Sleek, modern, casual, sophisticated.","Casual, everyday wear.","Solid color, logo detail.",這款束腰外套線條流麗簡潔，散發有如經典男裝恤衫般時尚高雅的魅力。Prada結合不同風格元素，締造創新設計。這款再生尼龍服飾採用獨特的彈性索繩衣襬，為服飾注入運動風。,"NT$ 84,000",image/prada/man/12.jpg
79,夾棉再生尼龍背心,黑色,尼龍,"Sleek, modern, sporty.","Casual, Outdoor, Cold-Weather",Quilting,夾棉造型背心呈現流麗線條，所選用的再生尼龍是以海洋塑膠廢料循環再造並淨化製造的創新面料。服飾綴有搪瓷金屬三角形標誌。,"NT$ 67,000",image/prada/man/13.jpg
80,絲絨牛仔布束腰外套,自然色,棉,"Minimalist, contemporary, casual.","Casual, everyday wear, spring/autumn outerwear.","Solid, logo",束腰外套線條簡潔俐落，配搭觸感柔軟的絲絨牛仔布，締造復古造型。恤衫款衣領及闊肩突顯外套的寬鬆剪裁，所綴上的優雅搪瓷金屬三角形標誌，將1913年在Mario Prada設計的奢華行李箱首次亮相的版本重新演繹。,"NT$ 82,000",image/prada/man/14.jpg
81,絲絨牛仔布恤衫,自然色,棉,"Simple, classic, minimalistic.","Casual, smart-casual events.",Solid-color,全新Prada系列重新演繹經典牛仔布，大玩不同效果和意義。恤衫以經洗水處理的布料縫製，綴以Prada經典而獨特的三角形標誌。,"NT$ 60,000",image/prada/man/15.jpg
82,五口袋細條燈芯絨長褲,自然色,棉,"Minimalist, classic, tailored.","Casual, everyday wear.","Solid, monochromatic, uniform, texture-visible.",全新Prada系列重新演繹經典牛仔布，大玩不同效果和意義。這款長褲以細條燈芯絨縫製，綴以Prada獨特而經典的三角形標誌。,"NT$ 48,500",image/prada/man/16.jpg
83,短身燈芯絨羽絨背心,粉白色,棉,"Modern, sporty, casual","Casual, outdoor, cold weather.",Horizontal-quilting,這款短身燈芯絨羽絨背心展現Prada的混搭特色。綻放光澤及復古韻味的布料糅合運動風設計，構成獨特的美學交流，碰撞出和諧火花。款式採用循環再造布料襯裡及鵝絨夾層，並綴以經典的搪瓷金屬三角形標誌。,"NT$ 76,000",image/prada/man/17.jpg
84,棉質抓毛連帽衛衣,自然色,棉,Casual-luxury,"Casual, everyday wear.","Logo, text, crest, rope.",剪裁寬鬆的連帽衛衣選用柔軟的棉質抓毛，洋溢運動風魅力，再以特大標誌點綴。羅紋針織飾邊昇華設計，索繩衣襬及寬敞的袋鼠口袋再錦上添花。,"NT$ 60,000",image/prada/man/18.jpg
85,羊毛混羊絨圓領毛衣,白色,羊絨,"Minimalist, designer, elegant","Casual, Everyday, Smart-Casual","Logo, ribbing",這款圓領毛衣將流麗百搭的線條結合精湛工藝，展露簡約魅力。服飾採用時尚的方正剪裁，綴以金銀線針織標誌。,"NT$ 70,000",image/prada/man/19.jpg
86,羊毛混紡外套,藍色,羊毛,"Classic, elegant, minimalistic.","Business, formal, cold weather.","Solid, monochromatic",經過精簡處理，這款外套結合了簡單剪裁和精緻設計，散發時尚優雅氣質。這款羊毛混紡面料的包覆式外套，以極簡細節重新演釋了品牌的經典三角標誌，為休閒風格增添個性。,"NT$ 295,000",image/prada/man/20.jpg
87,羊毛外套,粉白色,綿羊皮,"Casual, cozy, plush, trendy.","Casual, winterwear","Solid, plain",這款羊毛外套線條時尚現代，充滿休閒魅力。經典襯衫領塑造出柔軟、繭狀的輪廓，飾有對比色的優雅鈕扣。重新詮釋的皮革三角標誌以概念設計呈現，為這款作品增添獨特經典風采。,"NT$ 305,000",image/prada/man/21.jpg
88,皮革外套,黑色,皮革,"Classic, timeless, rugged, edgy.","Casual, streetwear, cool weather.","Solid, leather, ribbed trim.",這款皮革外套的復古設計採用受當代美學風格啟發的精緻結構進行了重新詮釋。絎縫設計配搭柔和線條和相襯顏色的優雅恤衫式羊毛皮衣領。皮革三角標誌為這款實用的服裝增添了休閒魅力。,"NT$ 240,000",image/prada/man/22.jpg
89,機能性面料單襟西裝,可可啡/紅色,尼龍,"Contemporary, bold, color-blocked.","Formal, business, or sophisticated events.","Solid, two-toned, color-blocking.",呈現原創色彩對比的全新單襟外套，把西裝剪裁及街頭服元素巧妙融合。這款機能性面料服飾採用經典的兩扣設計，配搭翻領及嵌線袋，並以創新的輕巧夾層營造奪目效果。,"NT$ 150,000",image/prada/man/23.jpg
90,機能性面料大褸,沙漠棕色/深綠色,尼龍,"Modern, elegant, color-blocked, structured","Formal, business, or sophisticated outdoor events.",Color-blocking,這款機能性面料大褸把復古造型及時尚細節共冶一爐，活現Prada的混搭概念。服飾於2023年秋冬系列登場，配備三扣袖口、筆直袖管，背部設有開衩。,"NT$ 190,000",image/prada/man/24.jpg
91,長版麂皮上衣,橡樹棕,皮革,"Minimalist, contemporary, sleek.","Casual, artistic events or fashion-forward outings.","Monochrome, solid-color, suede texture.",此款式是 2023 秋冬系列的原創設計，外形新穎，立體而富份量感。設計的核心靈感是「轉變」，並以嶄新的美學風格和物料呈現眼前。這款上衣以極致高雅的方式演繹制服的概念。麂皮的經典外表源自精湛的工藝：以人手拋光，再加以蠟面潤飾，賦予服裝與別不同的質感。,"NT$ 150,000",image/prada/man/25.jpg
92,麂皮大褸,橡樹棕,皮革,"Classic, sophisticated, tailored, elegant.","Business, formal events, or smart casual occasions.",Solid,此款式是 2023 秋冬系列的原創設計，外形新穎，立體而富份量感。設計的核心靈感是「轉變」，並以嶄新的美學風格和物料呈現眼前。這款大褸以極致高雅的方式演繹制服的概念。麂皮的經典外表源自精湛的工藝：以人手拋光，再加以蠟面潤飾，賦予服裝與別不同的質感。,"NT$ 275,000",image/prada/man/26.jpg
93,夾層棉質上衣,白色,棉,"Minimalist, contemporary, sporty.","Casual, streetwear, or athletic.","Solid, logo.",這款服飾呼應羽絨外套的概念之餘融會Prada經典的上衣設計，別具原創新穎魅力。服飾以防水棉布縫製，重新演繹舒適的概念。,"NT$ 55,000",image/prada/man/27.jpg
94,中磅棉質羽絨外套,白色,棉,"Minimalist, contemporary, oversized.",Casual,Solid-color,2023 秋冬系列重新探尋舒心的簡約感。此棉質羽絨外套回歸基本，鵝絨襯墊營造的誇張體積成焦點所在。設計大玩「簡化」概念，採用現代風格圓領，以同色系布質三角標誌作點綴。,"NT$ 98,000",image/prada/man/28.jpg
95,短身棉質羽絨外套,白色,棉,"Contemporary, minimalist, sporty","Winter, Outdoors",Solid,棉質羽絨服採用包圍式簡約設計，搖身一變成為極具現代感的概念服裝。鵝絨填充物強調其柔和的圓形體積，塑造出時尚、簡潔的輪廓。外套採用精緻的線條，經過精簡處理，為招牌同色三角標誌和提花標籤等微妙細節留出空間。,"NT$ 85,000",image/prada/man/29.jpg
96,長身棉質派克大衣,軍綠色,棉,"Military-inspired, utilitarian, long, lined, buttoned.",Winter weather conditions.,Solid color,實用派克外套以新的比例重新詮釋，將休閒風格革新，以精緻、現代的方式呈現。直線突顯超長棉質服裝的輪廓，而經過細緻工藝處理的做舊飾面，則透過功能細節為百搭風格注入活力。,"NT$ 200,000",image/prada/man/30.jpg
97,羊毛漁夫褸,藍色,羊毛,"Classic, elegant, tailored, traditional.","Formal, cold weather.","Solid-color, no-pattern",2023 秋冬系列重新以精緻的高級時裝剪裁，重新演繹經典而傳統的實用款式。這款羊毛漁夫褸採用精準的直筒剪裁，立體衣袖和比例散發時尚魅力。經典皮革套索釦開合令造型更具特色，糅合靈活百搭的設計元素和精巧細節，突顯其精緻的美學風格。,"NT$ 160,000",image/prada/man/31.jpg
98,再生尼龍短袖恤衫,黑色,尼龍,"Casual, contemporary.",Casualwear,Solid black.,方正剪裁短袖恤衫展現時尚格調。恤衫選用創新的再生尼龍面料，並綴以獨特的古巴領及按扣開合。襟袋的搪瓷金屬三角形標誌令恤衫款式經典出眾。,"NT$ 47,000",image/prada/man/32.jpg
99,再生尼龍恤衫,黑色,尼龍,"Sleek, sophisticated, contemporary.","Business, formal events, office work.","Solid, logo.",時尚的再生尼龍恤衫選用以回收海洋塑膠廢料製造的特別尼龍紗線，流麗的設計飾以恤衫款衣領及長袖連按扣袖口。恤衫採用寬鬆剪裁，正面綴以搪瓷金屬三角形標誌。,"NT$ 52,000",image/prada/man/33.jpg
100,再生尼龍恤衫,黑色,尼龍,Contemporary utilitarian.,"Casual, Everyday, Streetwear",Solid,恤衫剪裁寬鬆，飾以巨大明袋及搭帶，以再生尼龍縫製，這種再生尼龍紗線 (ECONYL®) 是以回收自海洋的塑膠垃圾、漁網及紡織纖維廢料循環再造並淨化製造。Prada的傳統搪瓷金屬三角形標誌點綴設計。,"NT$ 71,000",image/prada/man/34.jpg
101,再生尼龍單襟外套,黑色,尼龍,"Formal, sophisticated, tailored.",Formal event,"Solid, monochromatic.",經典單襟外套飾以翻領、兩扣開合及背部開衩，注入時尚氣息。外套選用Prada創新獨特的再生尼龍，襟袋綴以經典搪瓷金屬三角形標誌。,"NT$ 95,000",image/prada/man/35.jpg
102,再生尼龍雨衣,黑色,尼龍,"Sleek, modern, minimalist.","Formal, business, or smart casual occasions.",Solid,機能性創新布料在頌揚二元對立的系列佔一席位，經時裝加工處理，體現Prada精髓。雨衣的線條簡潔雅致，所選用的創新再生尼龍以從海洋收集的塑膠物料、漁網及紡織纖維循環再造及淨化而成。,"NT$ 93,000",image/prada/man/36.jpg
103,再生尼龍外套,黑色,尼龍,"Minimalist, sophisticated, contemporary.",Business-casual events.,"Logo, solid colors.",外套採用筆直剪裁，融入恤衫的獨特元素，如尖角領及鈕扣開合等細節，體現Prada的可持續發展精神。設計選用創新再生尼龍面料，這種以回收海洋塑料循環再造的布料可無限循環再生。,"NT$ 83,000",image/prada/man/37.jpg
104,高科技彈性長褲,黑色,尼龍,"Contemporary, casual, minimalist, monochrome, streetwear-inspired.","Casual, everyday wear.",Solid,彈性機能性面料長褲採用裁縫工藝塑造筆直剪裁，於經典魅力中傾注時尚格調。別具一格的配搭，體現Prada系列的二元本色。,"NT$ 32,500",image/prada/man/38.jpg
105,再生尼龍及平織布T恤,黑色,棉,"Contemporary, urban, casual, sporty, minimalistic.","Casual, streetwear, urban exploration.",Plain,Prada平織布T恤是品牌的必備單品之一。T恤簡約中見奢華的設計及高雅魅力，重塑基本必需品並賦予嶄新意義。T恤正面綴有以創新永續的再生尼龍縫製的拉鍊口袋。搪瓷金屬三角形標誌增添經典韻味。,"NT$ 27,500",image/prada/man/39.jpg
106,再生尼龍百慕達短褲,黑色,尼龍,"Contemporary, sleek, monochromatic, tailored, urban.","Casual, urban-wear, outdoor.","Solid, plain.",男裝百慕達短褲綴有布質三角形標誌，是再生尼龍系列的單品。一系列可持續發展產品選用的再生ECONYL®是以海洋塑膠廢料、漁網及紡織纖維廢料循環再造並淨化製造的尼龍。,"NT$ 36,000",image/prada/man/40.jpg
107,再生尼龍羽絨外套,黑色,尼龍,"Monochromatic, sleek, structured, modern.","Formal, business, or sophisticated event.","Solid, monochromatic.",再生尼龍夾棉外套採用機能性設計及運動元素，並綴以金屬三角形標誌等精緻細節。柔軟的鵝絨夾層外套配有正面口袋及索繩帽兜。,"NT$ 78,000",image/prada/man/41.jpg
108,彈性棉質樽領衫,黑色,尼龍,"Contemporary, minimalist, urban.",Casual wear.,"Solid, plain, monochromatic",流麗樽領衫反映Prada的運動風精神。點綴樽領的三角形標誌由Mario Prada設計，1913年於旅行箱首次亮相。,"NT$ 33,500",image/prada/man/42.jpg
109,再生尼龍長褲,黑色,尼龍,"Minimalist, casual, contemporary.",Casualwear.,"Plain, Logo",長褲綴以經典搪瓷金屬三角形標誌，以再生尼龍縫製，這種再生尼龍紗線(ECONYL®)是以回收自海洋的塑膠垃圾、漁網及紡織纖維廢料循環再造並淨化製造。,"NT$ 66,000",image/prada/man/43.jpg
110,再生尼龍及平織布T恤,白色,棉,"Minimalist, contemporary, casual.",Casual or smart-casual events.,Logo,Prada平織布T恤是品牌的必備單品之一。T恤簡約中見奢華的設計及高雅魅力，重塑基本必需品並賦予嶄新意義。T恤正面綴有以創新永續的再生尼龍縫製的拉鍊口袋。搪瓷金屬三角形標誌增添經典韻味。,"NT$ 27,500",image/prada/man/44.jpg
111,平織布及再生尼龍T恤,白色/白色,棉,"Modern, sleek, athletic, casual.",Casual or sporty events.,"Solid, logo.",Prada平織布T恤是品牌的必備款式，體現簡約中見奢華的品牌格調，儼然成為一種態度，追求重塑基本必需品並賦予嶄新意義。設計飾以再生尼龍拼縫，這是以回收自海洋的循環再造塑料製成的永續創新面料。印花字樣標誌增添經典氣息。,"NT$ 35,000",image/prada/man/45.jpg
112,羊毛及再生尼龍華達呢連帽衛衣,黑色,羊毛,"Sleek, modern, urban.",Urban streetwear.,Solid.,再生尼龍華達呢連帽衛衣採用運動風設計，面料以回收海洋塑膠廢料製造的特別尼龍紗線製造。連帽衛衣配以拉鍊開合，正面綴有經典搪瓷金屬三角形標誌。,"NT$ 70,000",image/prada/man/46.jpg
113,再生尼龍背心,黑色,尼龍,"Contemporary, urban, minimalist.","Casual, streetwear, or fashion-forward event.","Solid, monochromatic, emblem.",背心以再生尼龍縫製，這種再生尼龍紗線 (ECONYL®) 以回收自海洋的塑膠垃圾、漁網及紡織纖維廢料循環再造並淨化製造。服飾口袋飾以尼龍織帶，令人聯想到經典Prada袋款。,"NT$ 85,000",image/prada/man/47.jpg
114,再生尼龍軍裝背心,菸草色,尼龍,"Classic, tailored, formal.","Casual, workwear, everyday.",Solid,這款背心以再生尼龍製造，兩個寬敞揭蓋口袋確立其軍裝設計。再生尼龍是由收集自海洋的塑料再造而成，經處理後成為嶄新的面料。金屬三角形標誌以經典特色點綴造型。,"NT$ 43,000",image/prada/man/48.jpg
115,再生尼龍長褲,菸草色,尼龍,"Classic, formal, tailored.","Business, formal events.","Solid, navy blue",這款長褲以含蓄線條和舒適剪裁見稱，選用的創新再生尼龍是以收集自海洋的再造塑料生產的再生布料。設計彰顯品牌的混搭精神，結合經典和創新元素，交織成持續不斷的美學對話。側面的搪瓷金屬三角形標誌萬眾矚目。,"NT$ 43,000",image/prada/man/49.jpg
116,再生尼龍長褲,藍色,尼龍,"Utilitarian, tactical, casual","Workwear, outdoor activities, or casual events.",Solid,長褲以舒適剪裁和含蓄線條見稱，選用的創新再生尼龍是以收集自海洋的循環再造塑料生產的再生布料。服飾彰顯品牌的混搭精神，結合經典款式和創新元素，交織成持續不斷的美學對話。側面的搪瓷金屬三角形標誌搶眼奪目。,"NT$ 43,000",image/prada/man/50.jpg
117,羊毛混紡大衣,深米色,單排扣大衣，羊毛混紡毛氈布料，缺口翻領，正面鈕扣開襟，有嵌線斜側袋。衣袖有內裡。,"Classic, tailored, elegant","Formal, Business, Casual, Autumn, Winter","Solid, monochromatic.","聚酯纖維 78%, 羊毛 22%","NT$1,999",image/hm/man/1.jpg
118,標準剪裁連帽上衣,黑色/Red Hot Chili Peppers,長袖連帽上衣，柔軟汗衫布料布料，雙層連衣帽有抽繩，正面交疊設計。有袋鼠袋，羅紋袖口和下襬。,"Casual, graphic, urban, contemporary.",Casual,"Logo, text, floral.","棉 63%, 聚酯纖維 37%",NT$799,image/hm/man/2.jpg
119,標準剪裁連帽上衣,黑色/Discovery頻道,"棉 60%, 聚酯纖維 40%","Casual, contemporary, graphic-printed, urban, sporty.",Casualwear,"Stripes, landscapes, text, logo.",長袖連帽上衣，柔軟汗衫布料布料，雙層連衣帽有抽繩，正面交疊設計。有袋鼠袋，羅紋袖口和下襬。,NT$799,image/hm/man/3.jpg
120,休閒剪裁運動衫,咖啡色/寶可夢,"棉 59%, 聚酯纖維 41%",Casual.,Casual,"Monogram, embroidery.",上衣，棉質混紡汗衫布料，柔軟刷毛內裡。休閒剪裁，垂肩設計，羅紋領口、袖口和下襬。,NT$999,image/hm/man/4.jpg
121,休閒剪裁運動衫,白色/南方四賤客,"棉 60%, 聚酯纖維 40%","Casual, contemporary, graphic-printed.",Casualwear,"Logo, characters, text.",上衣，棉質混紡汗衫布料，柔軟刷毛內裡。休閒剪裁，垂肩設計，羅紋領口、袖口和下襬。,NT$999,image/hm/man/5.jpg
122,休閒剪裁運動衫,黑色/米老鼠,"棉 60%, 聚酯纖維 40%","Contemporary, graphic, casual, monochromatic.","Casualwear, leisure, informal events.","Speech balloons, hand gesture.",上衣，棉質混紡汗衫布料，柔軟刷毛內裡。休閒剪裁，垂肩設計，羅紋領口、袖口和下襬。,NT$999,image/hm/man/6.jpg
123,休閒剪裁絨布襯衫式外套,酒紅色,棉 100%,"Casual, corduroy, buttoned, collared, solid-colored, structured.","Casual, everyday, urbanwear, streetwear.",Corduroy,有領襯衫式外套，柔軟棉質絨布布料，正面鈕扣開襟，休閒剪裁，有翻蓋式胸袋，袖口配鈕扣，平切下襬。無內裡。,"NT$1,299",image/hm/man/7.jpg
124,夾克襯衫,黑色,"聚酯纖維 74%, 聚丙烯腈纖維 20%, 嫘縈 4%, 聚醯胺纖維 2%","Classic, simplistic, monochromatic, utilitarian.","Casual, Work, Everyday.",Solid.,有領夾克襯衫，柔軟平織布料，正面鈕扣開襟，背面有肩襠，有鈕扣式翻蓋胸袋，長袖袖口配鈕扣。,"NT$1,299",image/hm/man/8.jpg
125,休閒剪裁圖案連帽上衣,亮紅色,"棉 60%, 聚酯纖維 40%","Casual, comfortable, sporty.","Casual, sportswear, loungewear, streetwear.",Logo,長袖連帽上衣，棉質混紡汗衫布料，印有圖案。休閒剪裁，雙層連衣帽有抽繩，有袋鼠袋，羅紋袖口和下襬。柔軟刷毛內裡。,NT$799,image/hm/man/9.jpg
126,休閒剪裁運動衫,海軍藍/史努比,"棉 60%, 聚酯纖維 40%","Casual, sporty, graphic-print.","Casualwear, loungewear, sportswear.","Typography, mascot, logo",上衣，棉質混紡汗衫布料，柔軟刷毛內裡。休閒剪裁，垂肩設計，羅紋領口、袖口和下襬。,NT$999,image/hm/man/10.jpg
127,標準剪裁提花針織套衫,酒紅色,"聚丙烯腈纖維 54%, 聚醯胺纖維 41%, 羊駝毛 5%","Traditional, cozy, patterned, knit, wintery.","Casual, winter, holiday, outdoors.","Fair Isle, geometric, zigzags, diamonds, horizontal bands.",柔軟提花針織套衫，含羊駝毛，標準剪裁，長拼接袖，羅紋領口、袖口和下襬。,"NT$1,799",image/hm/man/11.jpg
128,標準剪裁羊毛混紡套衫,混米色,"聚丙烯腈纖維 65%, 聚醯胺纖維 25%, 羊毛 10%","Classic, textured, knitted, neutral-colored.","Casual, cold weather, autumn, winter, everyday wear.","Cable-knit, ribs, diamonds, twists",絞花針織套衫，柔軟羊毛混紡布料，標準剪裁，羅紋立領，上部有拉鍊，長袖款式。,"NT$1,799",image/hm/man/12.jpg
129,夾克襯衫,米色/格紋,"聚酯纖維 73%, 聚丙烯腈纖維 25%, 羊毛 2%","Classic, plaid, casual.","Casual, Outdoor, Everyday Wear",Plaid,有領夾克襯衫，柔軟平織布料，正面鈕扣開襟，背面有肩襠，有鈕扣式翻蓋胸袋，長袖袖口配鈕扣。,"NT$1,299",image/hm/man/13.jpg
130,標準剪裁牛津襯衫,酒紅色,棉 100%,"Casual, simple, classic",Casual-business,Solid,棉質牛津布襯衫，標準剪裁，鈕扣領，經典前襟設計，背面有肩襠，有開口式單胸袋，長袖袖口配鈕扣，袖衩配單顆鈕扣，微圓下襬。,NT$799,image/hm/man/14.jpg
131,標準剪裁法蘭絨襯衫,紅色/黑色格紋,棉 100%,"Casual, checkered, classic, comfortable.",Casualwear,Plaid,柔軟棉質法蘭絨襯衫，翻領，正面鈕扣開襟，背面有肩襠，標準剪裁，有開口式單胸袋，長袖袖口配鈕扣，袖衩配單顆鈕扣，微圓下襬。,NT$999,image/hm/man/15.jpg
132,傘兵工作褲,黑色,聚酯纖維 100%,"Casual, utilitarian, practical, modern.","Casual, outdoor activities, hiking, streetwear.","Solid, monochrome",傘兵工作褲，平織布料，休閒剪裁，鬆緊帶腰圍配抽繩，假門襟。有斜側袋和一個假嵌線後袋，寬鬆褲管有翻蓋袋，膝部抓褶可增加寬鬆度。褲腳彈性抽繩有繩扣。,"NT$1,499",image/hm/man/16.jpg
133,DryMove™寬鬆剪裁連帽上衣,黑色,棉 100%,"Casual, sporty, contemporary","Casual, loungewear, sportswear","Geometric shapes, lines, hoodie.",連帽上衣，DryMove™機能布料，有助於排除肌膚上的汗水，讓您在活動時保持乾爽舒適。寬鬆剪裁，交疊式連衣帽有內裡，垂肩長袖，有袋鼠袋，羅紋袖口和下襬。,"NT$1,499",image/hm/man/17.jpg
134,休閒剪裁運動衫,深灰色/菲力貓,"棉 60%, 聚酯纖維 40%","Casual, graphic, vintage-inspired.",Casualwear,"Character, lettering.",上衣，棉質混紡汗衫布料，柔軟刷毛內裡。休閒剪裁，垂肩設計，羅紋領口、袖口和下襬。,NT$999,image/hm/man/18.jpg
135,寬鬆剪裁拉鍊泰迪熊上衣,黑色,聚酯纖維 100%,"Casual, plush, comfortable, simple, warm.","Casual, Everyday, Outdoor, Autumn, Winter","Solid color, no pattern",柔軟泰迪熊上衣，立領，正面拉鍊開襟，垂肩長袖，有隱形側袋，寬鬆剪裁，袖口和下襬有覆面鬆緊帶。,NT$799,image/hm/man/19.jpg
136,合身運動長褲,米色,棉 100%,"Casual, comfortable, sporty, minimalistic, relaxed-fit.","Casual, loungewear, athletic, relaxation","Solid, neutral, plain",運動長褲，輕薄棉質混紡汗衫布料，柔軟刷毛內裡。覆面鬆緊帶腰圍配抽繩，側縫處有口袋，羅紋褲腳。標準剪裁，打造舒適經典線條。,NT$599,image/hm/man/20.jpg
137,寬鬆剪裁拉鍊連帽外套,米色/Universal Mysteries,"棉 60%, 聚酯纖維 40%","Casual, contemporary, minimalistic.","Casual, Sportswear, Loungewear","Solid-color, branding",汗衫布料連帽外套，寬鬆剪裁，連衣帽有絨毛內裡，正面拉鍊開襟，有斜側袋，羅紋袖口和下襬。柔軟刷毛內裡。,NT$799,image/hm/man/21.jpg
138,休閒剪裁圖案連帽上衣,深紫色,"棉 60%, 聚酯纖維 40%","Casual, comfortable, sporty, modern, simple.",Casualwear,"Graphic, illustration.",長袖連帽上衣，棉質混紡汗衫布料，印有圖案。休閒剪裁，雙層連衣帽有抽繩，有袋鼠袋，羅紋袖口和下襬。柔軟刷毛內裡。,NT$799,image/hm/man/22.jpg
139,DryMove™ Sports T-shirt,咖啡色/印花,聚酯纖維 100%,"Casual, printed, contemporary.",Casualwear.,"Marbling, logo.","Sports T-shirt in DryMove™ functional fabric that helps to wick away moisture from your skin, keeping you comfortably dry while you move. Regular fit with a narrow trim around the neckline and a print motif on the front.",NT$349,image/hm/man/23.jpg
140,寬鬆剪裁拉鍊連帽外套,深藍色/Mysteries,"棉 60%, 聚酯纖維 40%","Casual, sporty, functional, comfortable, simple, contemporary.",Casualwear,"Solid, logo.",汗衫布料連帽外套，寬鬆剪裁，連衣帽有絨毛內裡，正面拉鍊開襟，有斜側袋，羅紋袖口和下襬。柔軟刷毛內裡。,NT$799,image/hm/man/24.jpg
141,標準剪裁寬高領開襟衫,深灰色,"聚丙烯腈纖維 65%, 聚醯胺纖維 25%, 羊毛 10%","Classic, cozy, knitted, casual.","Casual, everyday wear, cold weather.","Heathered, knit, ribbing.",柔軟針織開襟衫，標準剪裁，正面鈕扣開襟，有側袋，長袖款式。羅紋寬高領、袋口、袖口、下襬和鈕扣門襟。,"NT$1,799",image/hm/man/25.jpg
142,DryMove™寬鬆剪裁連帽上衣,淺米色,棉 100%,"Casual, comfortable, minimalist, contemporary.",Casualwear,"Logo, solid-color",連帽上衣，DryMove™機能布料，有助於排除肌膚上的汗水，讓您在活動時保持乾爽舒適。寬鬆剪裁，交疊式連衣帽有內裡，垂肩長袖，有袋鼠袋，羅紋袖口和下襬。,"NT$1,499",image/hm/man/26.jpg
143,直筒中腰牛仔褲,丹寧藍,"棉 98%, 彈性纖維 2%","Casual, faded, denim, classic, straight-leg.","Casual, Everyday, Streetwear.","Gradation, denim, whiskering, fading, stitching.",5袋式棉質丹寧牛仔褲，微彈性布料，讓穿著倍添舒適。直筒褲管，腰部至褲腳為合身剪裁，腿部略為寬鬆舒適。中腰剪裁，拉鍊門襟。不敗丹寧款。,"NT$1,499",image/hm/man/27.jpg
144,標準剪裁圖案連帽上衣,深藍色,"棉 58%, 聚酯纖維 42%","Casual, sporty, comfortable, contemporary.","Casualwear, Sportswear, Loungewear",Solid-color,連帽上衣，棉質混紡汗衫布料，標準剪裁，連衣帽有內裡和抽繩，正面印圖案，有袋鼠袋，羅紋袖口和下襬。柔軟刷毛內裡。,NT$799,image/hm/man/28.jpg
145,標準剪裁絨布夾克襯衫,奶油色,棉 100%,"Casual, contemporary, relaxed-fit, utilitarian.","Casual, Business-Casual",Vertical stripes.,有領夾克襯衫，柔軟棉質絨布布料，正面拉鍊開襟，標準剪裁，有翻蓋式胸袋，長袖袖口配鈕扣，平切下襬。,"NT$1,499",image/hm/man/29.jpg
146,休閒剪裁運動長褲,海軍藍,"棉 60%, 聚酯纖維 40%","Casual, comfortable, sporty, simple, relaxed.","Athletics, casual-wear, lounging, exercise.","Solid, navy",運動長褲，中量棉質混紡汗衫布料，柔軟刷毛內裡。覆面鬆緊帶腰圍配抽繩，側縫處有口袋，羅紋褲腳。非加大碼休閒剪裁，打造隨興風格。,NT$599,image/hm/man/30.jpg
147,THERMOLITE® 標準剪裁平紋上衣,鼠尾草綠,"棉 60%, 聚酯纖維 40%","Simple, casual, basic.",Casualwear,Solid,長袖上衣，輕薄平紋布料，羅紋圓領，平切下襬。標準剪裁，打造舒適經典線條。採用THERMOLITE®技術，布料輕薄但具保暖效果。,NT$499,image/hm/man/31.jpg
148,標準剪裁圖案連帽上衣,深灰色/Universal Mysteries,"棉 58%, 聚酯纖維 42%","Casual, sporty, comfortable",Casualwear,"Solid-color, graphic-print",連帽上衣，棉質混紡汗衫布料，標準剪裁，連衣帽有內裡和抽繩，正面印圖案，有袋鼠袋，羅紋袖口和下襬。柔軟刷毛內裡。,NT$799,image/hm/man/32.jpg
149,THERMOLITE® 標準剪裁平紋上衣,淺米色,"棉 60%, 聚酯纖維 40%","Simple, casual, basic, neutral, minimalist.",Casualwear,Plain,長袖上衣，輕薄平紋布料，羅紋圓領，平切下襬。標準剪裁，打造舒適經典線條。採用THERMOLITE®技術，布料輕薄但具保暖效果。,NT$499,image/hm/man/33.jpg
150,標準剪裁提花針織套衫,深咖啡色/印花,"聚丙烯腈纖維 54%, 聚醯胺纖維 41%, 羊駝毛 5%","Traditional, patterned, cozy, knitwear","Casual, Autumn, Winter, Everyday.","Fair Isle, geometric, zigzag, diamonds, horizontal bands.",柔軟提花針織套衫，含羊駝毛，標準剪裁，長拼接袖，羅紋領口、袖口和下襬。,"NT$1,799",image/hm/man/34.jpg
151,寬鬆剪裁連帽上衣,淺咖啡色,"棉 60%, 聚酯纖維 40%","Casual, comfortable, sporty, relaxed, simple.","Casual, Sport, Leisure","Solid color, no pattern.",連帽上衣，中量棉質混紡汗衫布料，柔軟刷毛內裡。連衣帽有平紋內裡和抽繩，垂肩長袖，有袋鼠袋，寬邊羅紋袖口和下襬。非加大碼寬鬆剪裁，打造寬版線條。,NT$599,image/hm/man/35.jpg
152,貼身輕薄鋪棉背心,黑色,聚酯纖維 100%,"Casual, practical, insulated, lightweight.","Casual, Outdoor, Autumn-Winter",Quilting,平織車縫薄鋪棉背心，立領，正面拉鍊有防磨擋布，貼身剪裁，有拉鍊式隱形側袋和開口式暗袋。袖口有細彈性飾邊。無內裡。,NT$999,image/hm/man/36.jpg
153,標準剪裁毛氈夾克襯衫,深藍色/格紋,"聚酯纖維 78%, 羊毛 22%","Casual, plaid, buttoned, collared, long-sleeved, and tailored.","Casual, everyday wear.",Plaid,單排扣大衣，羊毛混紡毛氈布料，缺口翻領，正面鈕扣開襟，有嵌線斜側袋。衣袖有內裡。,"NT$1,499",image/hm/man/37.jpg
154,標準剪裁寬高領開襟衫,米色,"棉 63%, 聚酯纖維 37%","Classic, cozy, knitted, casual, button-up, turtleneck, textured.","Casual, everyday, cold-weather","Knit, ribbed, heather-textured.",長袖連帽上衣，柔軟汗衫布料布料，雙層連衣帽有抽繩，正面交疊設計。有袋鼠袋，羅紋袖口和下襬。,"NT$1,799",image/hm/man/38.jpg
155,DryMove™運動工作短褲,米色/大理石紋,"棉 60%, 聚酯纖維 40%","Casual, sporty, camouflaged.","Casual, Sportswear, Leisure","Camouflage, branches, leaves, neutral tones",長袖連帽上衣，柔軟汗衫布料布料，雙層連衣帽有抽繩，正面交疊設計。有袋鼠袋，羅紋袖口和下襬。,NT$999,image/hm/man/39.jpg
156,DryMove™運動背心上衣,咖啡色/印花,"棉 59%, 聚酯纖維 41%","Casual, camouflaged, sleeveless, patterned.",Casualwear,Camouflage,上衣，棉質混紡汗衫布料，柔軟刷毛內裡。休閒剪裁，垂肩設計，羅紋領口、袖口和下襬。,NT$599,image/hm/man/40.jpg
157,Loose Fit Bouclé overshirt,黑色,"棉 60%, 聚酯纖維 40%","Classic, casual, textured, simple.","Casual, Everyday, Outdoor",There is no discernible pattern; the garment appears to have a solid color.,上衣，棉質混紡汗衫布料，柔軟刷毛內裡。休閒剪裁，垂肩設計，羅紋領口、袖口和下襬。,"NT$1,799",image/hm/man/41.jpg
158,DryMove™運動T恤,黑色,"棉 60%, 聚酯纖維 40%","Casual, modern, minimalist.",Casualwear,"Geometric shapes, letters",上衣，棉質混紡汗衫布料，柔軟刷毛內裡。休閒剪裁，垂肩設計，羅紋領口、袖口和下襬。,NT$699,image/hm/man/42.jpg
159,貼身牛仔褲,深丹寧藍,棉 100%,"Casual, classic, denim",Casual,"Denim, jeans, stitching, fades, whiskering.",有領襯衫式外套，柔軟棉質絨布布料，正面鈕扣開襟，休閒剪裁，有翻蓋式胸袋，袖口配鈕扣，平切下襬。無內裡。,NT$799,image/hm/man/43.jpg
160,DryMove™運動背心上衣,淺米色,"聚酯纖維 74%, 聚丙烯腈纖維 20%, 嫘縈 4%, 聚醯胺纖維 2%","Minimalist, casual, sporty.",Casualwear,Solid-color,有領夾克襯衫，柔軟平織布料，正面鈕扣開襟，背面有肩襠，有鈕扣式翻蓋胸袋，長袖袖口配鈕扣。,NT$599,image/hm/man/44.jpg
161,DryMove™運動背心上衣,黑色,"棉 60%, 聚酯纖維 40%","Sleeveless, modern, casual, athletic, basic, black.","Casual, sport, workout, leisure, streetwear.","Solid-color, logo",長袖連帽上衣，棉質混紡汗衫布料，印有圖案。休閒剪裁，雙層連衣帽有抽繩，有袋鼠袋，羅紋袖口和下襬。柔軟刷毛內裡。,NT$599,image/hm/man/45.jpg
162,中腰錐形牛仔褲,丹寧藍,"棉 60%, 聚酯纖維 40%","Casual, fitted, denim, versatile.",Casual,"Denim, whiskering, fading.",上衣，棉質混紡汗衫布料，柔軟刷毛內裡。休閒剪裁，垂肩設計，羅紋領口、袖口和下襬。,"NT$1,499",image/hm/man/46.jpg
163,標準剪裁Polo衫,White,"聚丙烯腈纖維 54%, 聚醯胺纖維 41%, 羊駝毛 5%","Classic, minimalistic, cozy.","Casual, business casual, everyday wear.",Ribbing,柔軟提花針織套衫，含羊駝毛，標準剪裁，長拼接袖，羅紋領口、袖口和下襬。,"NT$1,499",image/hm/man/47.jpg
164,休閒剪裁圖案運動衫,米色/Bring Peace,"聚丙烯腈纖維 65%, 聚醯胺纖維 25%, 羊毛 10%","Casual, comfortable, minimalist, contemporary.",Casualwear.,Typography,絞花針織套衫，柔軟羊毛混紡布料，標準剪裁，羅紋立領，上部有拉鍊，長袖款式。,NT$799,image/hm/man/48.jpg
165,DryMove™口袋細節運動衫,黑色,"聚酯纖維 73%, 聚丙烯腈纖維 25%, 羊毛 2%","Casual, simple, functional, modern, monochromatic, relaxed.","Casual, Leisure, Sportswear, Everyday.",There is no pattern; this is a plain black sweatshirt.,有領夾克襯衫，柔軟平織布料，正面鈕扣開襟，背面有肩襠，有鈕扣式翻蓋胸袋，長袖袖口配鈕扣。,"NT$1,299",image/hm/man/49.jpg
166,休閒剪裁圖案連帽上衣,綠色/Never Stay Down,棉 100%,"Casual, comfortable, sporty, collegiate.",Casualwear,"Hoodie, text, graphic.",棉質牛津布襯衫，標準剪裁，鈕扣領，經典前襟設計，背面有肩襠，有開口式單胸袋，長袖袖口配鈕扣，袖衩配單顆鈕扣，微圓下襬。,NT$999,image/hm/man/50.jpg
167,Oversized trenchcoat,米色,聚酯纖維 100%,"Classic, sophisticated, timeless, tailored.","Business, casual, formal events, or transitional weather outerwear.",Solid color.,"Oversized, calf-length, single-breasted trenchcoat in woven fabric with notch lapels, buttons at the front and a storm flap at the back. Shoulder tabs and a tab at the cuffs with a button, a detachable tie-belt at the waist, pockets in the side seams and a single back vent. Lined.","NT$3,499",image/hm/woman/1.jpg
168,精織開襟衫,黑色,"嫘縈 70%, 聚醯胺纖維 30%","Classic, simple, versatile, monochrome","Casual, Work, Everyday.","Solid, plain, knit, ribbed trim.",精織開襟衫，柔軟嫘縈混紡布料，正面鈕扣開襟，羅紋領口、袖口和下襬。,NT$399,image/hm/woman/2.jpg
169,羅紋針織曲線洋裝,黑色,"聚酯纖維 50%, 聚醯胺纖維 27%, 嫘縈 23%","Simple, classic, elegant.","Formal, business, cocktail, funeral, evening.","Solid, texture",羅紋針織中長版洋裝，合身剪裁，正面開寬領口，後領低開，微喇叭長袖，前襬開單衩。,"NT$1,499",image/hm/woman/3.jpg
170,絞花針織裙,深灰色,"聚酯纖維 60%, 聚丙烯腈纖維 34%, 羊毛 6%","Classic, elegant, textured, conservative, knit.","Business, office, formal, corporate events.","Herringbone, cable-knit.",柔軟絞花針織裙，長度及踝，合身剪裁，羅紋覆面鬆緊帶腰圍。,NT$999,image/hm/woman/4.jpg
171,寬鬆高腰牛仔褲,丹寧藍,"棉 99%, 彈性纖維 1%","Casual, classic, wide-leg, denim, blue.","Casual, everyday, informal events","Denim, twill weave, fading, whiskering.",5袋式水洗棉質丹寧牛仔褲，高腰剪裁，拉鍊門襟配鈕扣，寬直筒褲管。,NT$999,image/hm/woman/5.jpg
172,小喇叭高腰牛仔褲,黑色,"棉 99%, 彈性纖維 1%","Casual, classic, versatile.",Casualwear,Solid-color,5袋式棉質丹寧牛仔褲，微彈性布料，讓穿著倍添舒適。小喇叭褲管，腰部至大腿為貼身設計，膝部以下喇叭剪裁。高腰剪裁，拉鍊門襟配鈕扣。標準褲長蓋過腳踝，褲腳不疊皺拖地。四季不敗的時尚單品。,NT$799,image/hm/woman/6.jpg
173,加大碼泰迪熊布料內裡外套,深咖啡色,聚酯纖維 100%,"Rugged, classic, warm, aviator-inspired.","Winter, casual, outdoors.","Solid-color, two-tone",加大碼外套，衣領、袖口、下襬和內裡皆為柔軟泰迪熊布料。大衣領有可調式扣帶，寬翻領。正面斜拉鍊開襟，長袖款式，有嵌線斜前袋。,"NT$1,999",image/hm/woman/7.jpg
174,Oversized double-breasted blazer,黑色,聚酯纖維 100%,"Classic, tailored, formal, sophisticated.","Business, formal events, office wear, interviews, ceremonies.","Solid color, no pattern.","Oversized, double-breasted twill blazer with peak lapels and buttons at the front. Buttoned cuffs and jetted front pockets. Lined.","NT$1,799",image/hm/woman/8.jpg
175,加大碼拉鍊洋裝,奶油色,"聚酯纖維 77%, 聚丙烯腈纖維 20%, 彈性纖維 3%","Minimalist, contemporary, oversized, casual.","Casual, everyday wear.",Ribbing,柔軟羅紋針織短洋裝，加大碼剪裁，立領，上部有拉鍊，長袖款式。,"NT$1,499",image/hm/woman/9.jpg
176,加大碼T恤,白色,棉 100%,"Minimalist, modern.",Casualwear,Solid color.,加大碼T恤，柔軟棉質平紋布料，羅紋領口，低垂肩設計。,NT$349,image/hm/woman/10.jpg
177,Single-breasted blazer,黑色,聚氨酯 100%,"Sleek, modern, edgy.","Evening, Fashion, Business, Casual, Party",Solid.,"Loose-fit, single-breasted blazer with notch lapels, buttons at the front, welt front pockets and a single back vent. Lined.","NT$1,799",image/hm/woman/11.jpg
178,絨布傘兵褲,淺灰色,棉 100%,"Casual, comfortable, contemporary",Casual loungewear,Solid,柔軟棉質絨布長褲，中腰寬鬆剪裁，覆面鬆緊帶腰圍配抽繩，有斜側袋和一個翻蓋式後袋。直筒褲管，膝部兩側有抓褶，可增加寬鬆度。褲腳有抽繩。,NT$999,image/hm/woman/12.jpg
179,羅紋莫代爾混紡T恤,白色,"棉 48%, 莫代爾纖維 47%, 彈性纖維 5%","Simple, classic, basic, casual.","Casual, everyday, sport, leisure, basic",Solid color.,羅紋平紋T恤，柔軟棉質莫代爾纖維布料，合身剪裁，領口有窄飾邊，平切下襬。,NT$299,image/hm/woman/13.jpg
180,錐形長褲,深綠色,"聚酯纖維 77%, 嫘縈 18%, 彈性纖維 5%","Elegant, tailored, high-waisted.","Business, formal events, office work.",Solid,修身長褲，平織布料，高腰寬鬆剪裁，拉鍊門襟配隱形鈕扣和鉤扣，背面有覆面鬆緊帶。有斜側袋和嵌線後袋。收窄褲管上部有抓褶，前後有褶線。,NT$999,image/hm/woman/14.jpg
181,套衫,None,"聚酯纖維 77%, 嫘縈 18%, 彈性纖維 5%","Classic, understated, versatile.",Casualwear,"Heathered, knitwear.",None,NT$999,image/hm/woman/15.jpg
182,針織裙,None,"聚酯纖維 77%, 嫘縈 18%, 彈性纖維 5%","Classic, sophisticated, minimalist.","Business, office, formal, work, professional.","Heathered, knit, texture.",None,NT$999,image/hm/woman/16.jpg
183,MAMA 2件入平紋內搭褲,黑色,"棉 50%, 嫘縈 45%, 彈性纖維 5%","Simple, monochromatic, sleek, versatile, contemporary.","Formal, business, office.","Solid color, no visible pattern",內搭褲，柔軟平紋布料，腰部拼接寬布段，讓腹部穿著更服貼。,NT$699,image/hm/woman/17.jpg
184,珠飾上衣,黑色,"嫘縈 70%, 聚醯胺纖維 30%","Modern, simplistic, chic.",Casualwear,Solid,柔軟羅紋針織上衣，合身剪裁，長袖款式，桃心領，前胸鎖眼開口飾塑膠珍珠。,NT$799,image/hm/woman/18.jpg
185,羅紋圓高領上衣,黑色,"棉 95%, 彈性纖維 5%","Classic, minimalist, versatile, sleek.","Business, Casual, Everyday",Ribbing,長袖圓高領上衣，棉質羅紋平紋布料。,NT$399,image/hm/woman/19.jpg
186,MAMA 2件入產前/產後哺乳上衣,黑色/奶油色,"棉 95%, 彈性纖維 5%","Minimalist, modern, monochromatic.",Casualwear.,Solid_colors,短袖哺乳上衣，柔軟棉質平紋布料，獨特哺乳設計。雙層設計方便哺乳，同時有助於保暖。孕期和產後哺乳皆適用。,NT$999,image/hm/woman/20.jpg
187,羅紋針織曲線洋裝,混黑色,"聚酯纖維 55%, 嫘縈 23%, 聚醯胺纖維 22%","Elegant, classic, modest, fitted, knit, sophisticated.","Business, work, semi-formal events, office.",Herringbone knit,中長版洋裝，柔軟羅紋針織布料，合身剪裁，低圓領，胸前有全成型設計。加長拼接袖，袖口開單衩。,NT$799,image/hm/woman/21.jpg
188,斜紋寬管褲,黑色,"棉 98%, 彈性纖維 2%","Wide-legged, high-waisted, minimalistic.","Casual, everyday wear.","Solid, contrast-stitching",棉質斜紋長褲，高腰剪裁，拉鍊門襟配鈕扣，有前袋和後袋，寬直筒褲管。,NT$699,image/hm/woman/22.jpg
189,蕾絲超托高胸罩,黑色,"聚醯胺纖維 88%, 彈性纖維 12%","Lacy, delicate, feminine, elegant, black.",Intimatewear,"Lace, floral pattern.",蕾絲超托高胸罩，可調式肩帶，厚墊鋼圈罩杯，可打造極致豐盈胸形及迷人深溝。背扣有鉤扣。,NT$799,image/hm/woman/23.jpg
190,褶線長褲,米色,"聚酯纖維 76%, 嫘縈 18%, 彈性纖維 6%","Classic, tailored, neutral, professional.","Business, office, formal events.",Vertical ribbing,平織布料長褲，中腰剪裁，拉鍊門襟配隱形鉤扣，有斜側袋和假嵌線後袋，貼身褲管正面有內縫褶線。,NT$999,image/hm/woman/24.jpg
191,綢緞襯衫,白色,聚酯纖維 100%,"Classic, sophisticated, minimalist.","Business, formal, office.",Solid,綢緞襯衫，帶柔軟垂墜感，正面鈕扣開襟，微垂肩長袖，袖口有單衩和鈕扣。圓邊下襬。,NT$799,image/hm/woman/25.jpg
192,5件入細肩帶上衣,深灰色/淺藍色,"棉 95%, 彈性纖維 5%","Basic, casual, comfortable.",Casual wear,Solid colors.,細肩帶上衣，柔軟平紋布料，合身剪裁，V領。,NT$799,image/hm/woman/26.jpg
193,加大碼T恤,黑色,棉 100%,"Simple, casual, minimalistic, oversized, basic, monochromatic.","Casual, everyday, leisure",Solid.,加大碼T恤，柔軟棉質平紋布料，羅紋領口，低垂肩設計。,NT$349,image/hm/woman/27.jpg
194,90s Baggy High Jeans,黑色,聚酯纖維 100%,"Glossy, chic, contemporary","Fashion, party, casual, trendy.",Plain,"5-pocket jeans in rigid cotton denim that feels firm at first but then softens and loosens with wear. Straight leg with a loose fit from the waist to the hip and a baggy fit from the thigh to the hem. High waist with a zip fly and button. Longer length, designed to fall over the foot with a stacking effect. A relaxed and cool denim statement.",NT$999,image/hm/woman/28.jpg
195,套衫,黑色,聚丙烯腈纖維 100%,"Classic, simplistic, versatile, cozy.","Casual, Everyday, Winterwear","Solid, knit",柔軟針織套衫，低垂肩長袖，羅紋圓領、袖口和下襬。,NT$399,image/hm/woman/29.jpg
196,丹寧工作褲,淺丹寧藍,棉 100%,"Casual, distressed, utilitarian.",Casualwear,"Denim, fading, stitching, pockets, frayed hems.",丹寧工作褲，高腰寬鬆剪裁，拉鍊門襟配鈕扣，有斜前袋和後袋，直筒褲管有風琴袋和接縫設計。,NT$999,image/hm/woman/30.jpg
197,Tie-neck chiffon blouse,黑色,聚酯纖維 100%,"Elegant, feminine, sophisticated, ruffled.","Business, formal event, dinner party.",Solid.,"Oversized blouse in sheer, crinkled chiffon with concealed buttons down the front. Stand-up collar with wide ties at the front and long, voluminous raglan sleeves with narrow elastication and a flounce at the cuffs. Overlocked edges at the cuffs and hem. Unlined.",NT$699,image/hm/woman/31.jpg
198,2件入背心上衣,白色/黑色,"棉 95%, 彈性纖維 5%","Basic, casual, versatile, sleeveless, monochromatic.",Casualwear.,Solid colors,背心上衣，棉質平紋布料，低圓領，平切下襬。,NT$399,image/hm/woman/32.jpg
199,蕾絲無墊鋼圈胸罩,淺灰色,"聚醯胺纖維 88%, 彈性纖維 12%","Delicate, feminine, lacy, sheer, elegant.","Lingerie, undergarment.","Lace, floral embroidery",蕾絲無墊鋼圈胸罩，可調式肩帶，罩杯有網紗內裡，可塑造自然胸形，提供輕度支撐。背扣有鉤扣。,NT$599,image/hm/woman/33.jpg
200,絨布長褲,深咖啡色,棉 100%,"Casual, corduroy, wide-leg, high-waisted, textured.","Casual, everyday wear.",Corduroy,棉質絨布長褲，高腰休閒剪裁，拉鍊門襟配鈕扣，有前袋和後袋，寬直筒褲管。,NT$699,image/hm/woman/34.jpg
201,綢緞背心上衣,深灰色,"嫘縈 51%, 聚酯纖維 49%","Casual, sleeveless, basic, relaxed-fit.",Casualwear,Solid,綢緞背心上衣，帶柔軟垂墜感，前後開低圓領，寬肩帶，微圓下襬。,NT$349,image/hm/woman/35.jpg
202,棉質混紡運動長褲,黑色,"棉 60%, 聚酯纖維 40%","Casual, comfortable, sporty.","Casual, sportswear, loungewear, exercise.",Plain,運動長褲，柔軟棉質混紡汗衫布料，高腰剪裁，覆面鬆緊帶腰圍配抽繩，有側袋，褲腳有覆面鬆緊帶。柔軟刷毛內裡。,NT$499,image/hm/woman/36.jpg
203,帆布工作褲,卡其綠,聚酯纖維 100%,"Utility, practical, casual","Outdoor activities, hiking, workwear, casual","Solid color, cargo pockets","Oversized, calf-length, single-breasted trenchcoat in woven fabric with notch lapels, buttons at the front and a storm flap at the back. Shoulder tabs and a tab at the cuffs with a button, a detachable tie-belt at the waist, pockets in the side seams and a single back vent. Lined.",NT$699,image/hm/woman/37.jpg
204,精織套衫,黑色,"嫘縈 70%, 聚醯胺纖維 30%","Simple, classic, casual, versatile, timeless.","Casual, Everyday, Cold-Weather",Ribbing,精織開襟衫，柔軟嫘縈混紡布料，正面鈕扣開襟，羅紋領口、袖口和下襬。,NT$799,image/hm/woman/38.jpg
205,Thong 2件入蕾絲內褲,黑色,"聚酯纖維 50%, 聚醯胺纖維 27%, 嫘縈 23%","Lacy, delicate, feminine.","Lingerie, Intimacy, Personalwear","Lace, floral pattern.",羅紋針織中長版洋裝，合身剪裁，正面開寬領口，後領低開，微喇叭長袖，前襬開單衩。,NT$449,image/hm/woman/39.jpg
206,圓高領上衣,黑色,"聚酯纖維 60%, 聚丙烯腈纖維 34%, 羊毛 6%","Casual, comfortable, textured, metallic-finish, long-sleeved, turtleneck.","Casual, Everyday, Autumn, Winter","Zigzag, ribbed, knitwear.",柔軟絞花針織裙，長度及踝，合身剪裁，羅紋覆面鬆緊帶腰圍。,NT$499,image/hm/woman/40.jpg
207,Wide Ultra High Jeans,丹寧藍,"棉 99%, 彈性纖維 1%","Casual, classic, denim, relaxed-fit.",Casualwear,"Denim, whiskering, fading, stitching.",5袋式水洗棉質丹寧牛仔褲，高腰剪裁，拉鍊門襟配鈕扣，寬直筒褲管。,NT$999,image/hm/woman/41.jpg
208,2件入棉質上衣,黑色/白色,"棉 99%, 彈性纖維 1%","Simple, classic, monochromatic, versatile.",Casualwear,Solid colors.,5袋式棉質丹寧牛仔褲，微彈性布料，讓穿著倍添舒適。小喇叭褲管，腰部至大腿為貼身設計，膝部以下喇叭剪裁。高腰剪裁，拉鍊門襟配鈕扣。標準褲長蓋過腳踝，褲腳不疊皺拖地。四季不敗的時尚單品。,NT$599,image/hm/woman/42.jpg
209,羅紋上衣,淺米色,聚酯纖維 100%,"Simple, minimalist, casual","Casual, everyday, layering, fall, spring",Ribbing,加大碼外套，衣領、袖口、下襬和內裡皆為柔軟泰迪熊布料。大衣領有可調式扣帶，寬翻領。正面斜拉鍊開襟，長袖款式，有嵌線斜前袋。,NT$349,image/hm/woman/43.jpg
210,針織帽,白色,聚酯纖維 100%,"Simple, classic, cozy.","Winter, Cold Weather, Outdoor Activities",Ribbed knit pattern.,"Oversized, double-breasted twill blazer with peak lapels and buttons at the front. Buttoned cuffs and jetted front pockets. Lined.",NT$299,image/hm/woman/44.jpg
211,長袖上衣,黑色,"聚酯纖維 77%, 聚丙烯腈纖維 20%, 彈性纖維 3%","Simple, classic, casual, monochromatic, ribbed.",Casualwear,Ribbing,柔軟羅紋針織短洋裝，加大碼剪裁，立領，上部有拉鍊，長袖款式。,NT$299,image/hm/woman/45.jpg
212,寬管褲,黑色,棉 100%,"Classic, formal, tailored, professional.","Business, formal events, office work.","Solid, black.",加大碼T恤，柔軟棉質平紋布料，羅紋領口，低垂肩設計。,"NT$1,299",image/hm/woman/46.jpg
213,高腰慢跑褲,黑色,聚氨酯 100%,"Casual, comfortable, sporty, basic, relaxed-fit.","Casual, loungewear, athletic, exercise, relaxation.",Solid,"Loose-fit, single-breasted blazer with notch lapels, buttons at the front, welt front pockets and a single back vent. Lined.",NT$599,image/hm/woman/47.jpg
214,棉質平紋上衣,淺粉紅色,棉 100%,"Casual, simple, basic, modern","Casual, everyday wear.",Solid.," ""柔軟棉質絨布長褲，中腰寬鬆剪裁，覆面鬆緊帶腰圍配抽繩，有斜側袋和一個翻蓋式後袋。直筒褲管，膝部兩側有抓褶，可增加寬鬆度。褲腳有抽繩。""",NT$149,image/hm/woman/48.jpg
215,綢緞裙,黑色,"棉 48%, 莫代爾纖維 47%, 彈性纖維 5%","Elegant, classic, simple","Business, Formal, Office, Evening.",Solid," ""羅紋平紋T恤，柔軟棉質莫代爾纖維布料，合身剪裁，領口有窄飾邊，平切下襬。""",NT$799,image/hm/woman/49.jpg
216,方形剪裁T恤,白色,"聚酯纖維 77%, 嫘縈 18%, 彈性纖維 5%","Simple, casual, basic, classic, minimalist",Casualwear,"Solid, plain"," ""修身長褲，平織布料，高腰寬鬆剪裁，拉鍊門襟配隱形鈕扣和鉤扣，背面有覆面鬆緊帶。有斜側袋和嵌線後袋。收窄褲管上部有抓褶，前後有褶線。""",NT$299,image/hm/woman/50.jpg
